Workbook

Sheet Pila
A1: n | B1: repeticion | C1: tEnlazada | D1: tArreglo | E1: redimensionamientos | F1: capacidadMaxima
A2: 1024 | B2: 0 | C2: 0.001070135 | D2: 0.001151236 | E2: 9 | F2: 1024
A3: 1024 | B3: 1 | C3: 0.001051721 | D3: 0.001034559 | E3: 9 | F3: 1024 | H3: n | I3: Minimo | J3: Maximo | K3: Promedio Enlazada | L3: Desviacion Estandar | M3: Coeficiente de Variacion
A4: 1024 | B4: 2 | C4: 0.001026915 | D4: 0.001060638 | E4: 9 | F4: 1024 | H4: 1024 | I4: =min(C2:C31) -> 0.000337749 | J4: =max(C2:C31) -> 0.001245545 | K4: =AVERAGE(C2:C31) -> 0.00066768813 | L4: =STDEV(C2:C31) -> 0.00029109065 | M4: =L4/K4 -> 0.43596799
A5: 1024 | B5: 3 | C5: 0.000872136 | D5: 0.001095683 | E5: 9 | F5: 1024 | H5: 2048 | I5: =min(C32:C61) -> 0.000454387 | J5: =max(C32,C61) -> 0.000680007 | K5: =AVERAGE(C32,C61) -> 0.000640719 | L5: =STDEV(C32,C61) -> 5.5561622e-05 | M5: =L5/K5 -> 0.086717613
A6: 1024 | B6: 4 | C6: 0.001021013 | D6: 0.000968576 | E6: 9 | F6: 1024 | H6: 4096 | I6: =min(C62:C91) -> 0.000517003 | J6: =MAX(D62:D91) -> 0.002127877 | K6: =AVERAGE(D62:D91) -> 0.0010981774 | L6: =STDEV(D62:D91) -> 0.00065497882 | M6: =L6/K6 -> 0.59642351
A7: 1024 | B7: 5 | C7: 0.00096034 | D7: 0.000994744 | E7: 9 | F7: 1024 | H7: 8192 | I7: =min(C92:C121) -> 0.000210112 | J7: =max(C92:C121) -> 0.00107341 | K7: =AVERAGE(C92:C121) -> 0.0006147074 | L7: =STDEV(C92:C121) -> 0.0003129383 | M7: =L7/K7 -> 0.50908497
A8: 1024 | B8: 6 | C8: 0.001245545 | D8: 0.000981399 | E8: 9 | F8: 1024 | H8: 16384 | I8: =min(C122:C151) -> 0.000401148 | J8: =max(C122:C151) -> 0.001167867 | K8: =AVERAGE(C122:C151) -> 0.00062496733 | L8: =STDEV(C122:C151) -> 0.00027587015 | M8: =L8/K8 -> 0.4414153
A9: 1024 | B9: 7 | C9: 0.000908774 | D9: 0.000856138 | E9: 9 | F9: 1024 | H9: 32768 | I9: =min(C152:C181) -> 0.000795503 | J9: =max(C152:C181) -> 0.002674666 | K9: =AVERAGE(C152:C181) -> 0.001344879 | L9: =STDEV(C152:C181) -> 0.00067574849 | M9: =L9/K9 -> 0.50246045
A10: 1024 | B10: 8 | C10: 0.000900349 | D10: 0.000892696 | E10: 9 | F10: 1024 | H10: 65536 | I10: =min(C182:C211) -> 0.001596075 | J10: =max(C182:C211) -> 0.004572945 | K10: =AVERAGE(C182:C211) -> 0.001960908 | L10: =STDEV(C182:C211) -> 0.00077090071 | M10: =L10/K10 -> 0.39313457
A11: 1024 | B11: 9 | C11: 0.000779853 | D11: 0.000948178 | E11: 9 | F11: 1024 | H11: 131072 | I11: =min(C212:C241) -> 0.003189245 | J11: =max(C212:C241) -> 0.014427673 | K11: =AVERAGE(C212:C241) -> 0.0064466289 | L11: =STDEV(C212:C241) -> 0.0037991091 | M11: =L11/K11 -> 0.58931717
A12: 1024 | B12: 10 | C12: 0.000876794 | D12: 0.000893996 | E12: 9 | F12: 1024 | H12: 262144 | I12: =min(C242:C271) -> 0.006670324 | J12: =max(C242:C271) -> 0.029146972 | K12: =AVERAGE(C242:C271) -> 0.013888067 | L12: =STDEV(C242:C271) -> 0.0085870989 | M12: =L12/K12 -> 0.6183077
A13: 1024 | B13: 11 | C13: 0.000856626 | D13: 0.000857228 | E13: 9 | F13: 1024
A14: 1024 | B14: 12 | C14: 0.000937648 | D14: 0.000865435 | E14: 9 | F14: 1024
A15: 1024 | B15: 13 | C15: 0.000784144 | D15: 0.000847169 | E15: 9 | F15: 1024 | H15: n | I15: Minimo | J15: Maximo | K15: Promedio Arreglo | L15: Desviacion Estandar | M15: Coeficiente de Variacion
A16: 1024 | B16: 14 | C16: 0.000756631 | D16: 0.000533114 | E16: 9 | F16: 1024 | H16: 1024 | I16: =min(D2:D31) -> 0.000345283 | J16: =max(D2:D31) -> 0.001151236 | K16: =AVERAGE(D2:D31) -> 0.00065337647 | L16: =STDEV(D2:D31) -> 0.00030108169 | M16: =L16/K16 -> 0.4608089
A17: 1024 | B17: 15 | C17: 0.000433037 | D17: 0.000345283 | E17: 9 | F17: 1024 | H17: 2048 | I17: =min(D32:D61) -> 0.000290131 | J17: =max(D32:D61) -> 0.000789172 | K17: =AVERAGE(D32:D61) -> 0.0005903546 | L17: =STDEV(D32:D61) -> 0.00011728865 | M17: =L17/K17 -> 0.19867492
A18: 1024 | B18: 16 | C18: 0.000400737 | D18: 0.000389997 | E18: 9 | F18: 1024 | H18: 4096 | I18: =min(D62:D91) -> 0.000483411 | J18: =max(D62:D91) -> 0.002127877 | K18: =AVERAGE(D62:D91) -> 0.0010981774 | L18: =STDEV(D62:D91) -> 0.00065497882 | M18: =L18/K18 -> 0.59642351
A19: 1024 | B19: 17 | C19: 0.000403092 | D19: 0.000384606 | E19: 9 | F19: 1024 | H19: 8192 | I19: =min(D92:D121) -> 0.000227644 | J19: =max(D92:D121) -> 0.001039176 | K19: =AVERAGE(D92:D121) -> 0.0005819556 | L19: =STDEV(D92:D121) -> 0.00031591316 | M19: =L19/K19 -> 0.54284754
A20: 1024 | B20: 18 | C20: 0.000390638 | D20: 0.00040253 | E20: 9 | F20: 1024 | H20: 16384 | I20: =min(D122:D151) -> 0.000423439 | J20: =max(D122:D151) -> 0.001055628 | K20: =AVERAGE(D122:D151) -> 0.0006363367 | L20: =STDEV(D122:D151) -> 0.00023175078 | M20: =L20/K20 -> 0.36419521
A21: 1024 | B21: 19 | C21: 0.000415355 | D21: 0.000390809 | E21: 9 | F21: 1024 | H21: 32768 | I21: =min(D152:D181) -> 0.000848922 | J21: =max(D152:D181) -> 0.00211368 | K21: =AVERAGE(D152:D181) -> 0.0012778936 | L21: =STDEV(D152:D181) -> 0.00049760346 | M21: =L21/K21 -> 0.3893935
A22: 1024 | B22: 20 | C22: 0.000373025 | D22: 0.000393634 | E22: 9 | F22: 1024 | H22: 65536 | I22: =min(D182:D211) -> 0.001653592 | J22: =max(D182:D211) -> 0.004070668 | K22: =AVERAGE(D182:D211) -> 0.0019408322 | L22: =STDEV(D182:D211) -> 0.00060136448 | M22: =L22/K22 -> 0.30984877
A23: 1024 | B23: 21 | C23: 0.000445019 | D23: 0.000373546 | E23: 9 | F23: 1024 | H23: 131072 | I23: =min(D212:D241) -> 0.003783603 | J23: =max(D212:D241) -> 0.012372903 | K23: =AVERAGE(D212:D241) -> 0.0065224851 | L23: =STDEV(D212:D241) -> 0.0031224389 | M23: =L23/K23 -> 0.47871921
A24: 1024 | B24: 22 | C24: 0.000337749 | D24: 0.000375791 | E24: 9 | F24: 1024 | H24: 262144 | I24: =min(D241:D271) -> 0.003903677 | J24: =max(D242:D271) -> 0.023013453 | K24: =AVERAGE(D242:D271) -> 0.011856369 | L24: =STDEV(D242:D271) -> 0.00540937 | M24: =L24/K24 -> 0.45624171
A25: 1024 | B25: 23 | C25: 0.000351054 | D25: 0.000351645 | E25: 9 | F25: 1024
A26: 1024 | B26: 24 | C26: 0.000366714 | D26: 0.00037021 | E26: 9 | F26: 1024
A27: 1024 | B27: 25 | C27: 0.000362826 | D27: 0.000389025 | E27: 9 | F27: 1024
A28: 1024 | B28: 26 | C28: 0.000372454 | D28: 0.000368988 | E28: 9 | F28: 1024
A29: 1024 | B29: 27 | C29: 0.000581524 | D29: 0.000351355 | E29: 9 | F29: 1024
A30: 1024 | B30: 28 | C30: 0.000346646 | D30: 0.000369008 | E30: 9 | F30: 1024
A31: 1024 | B31: 29 | C31: 0.00040215 | D31: 0.000364078 | E31: 9 | F31: 1024
A32: 2048 | B32: 0 | C32: 0.000680007 | D32: 0.000724922 | E32: 10 | F32: 2048
A33: 2048 | B33: 1 | C33: 0.000762131 | D33: 0.000749277 | E33: 10 | F33: 2048
A34: 2048 | B34: 2 | C34: 0.000711556 | D34: 0.000733127 | E34: 10 | F34: 2048
A35: 2048 | B35: 3 | C35: 0.000739429 | D35: 0.00072988 | E35: 10 | F35: 2048
A36: 2048 | B36: 4 | C36: 0.00074526 | D36: 0.00077742 | E36: 10 | F36: 2048
... A271: 262144 | B271: 29 | C271: 0.011756425 | D271: 0.010596482 | E271: 17 | F271: 262144

Sheet Fila
A1: n | B1: repeticion | C1: seed | D1: tEnlazada | E1: tArreglo | F1: redimensionamientos | G1: capacidadMaxima
A2: 1024 | B2: 0 | C2: 1024 | D2: 0.000906289 | E2: 0.000900528 | F2: 8 | G2: 512
A3: 1024 | B3: 1 | C3: 1025 | D3: 0.000939061 | E3: 0.000899567 | F3: 8 | G3: 512 | I3: n | J3: Minimo | K3: Maximo | L3: Promedio Enlazada | M3: Desviacion Estandar | N3: Coeficiente de Variacion
A4: 1024 | B4: 2 | C4: 1026 | D4: 0.000833144 | E4: 0.000873258 | F4: 8 | G4: 512 | I4: 1024 | J4: =min(D2:D31) -> 0.000168263 | K4: =max(D2:D31) -> 0.000939061 | L4: =AVERAGE(D2:D31) -> 0.0004444922 | M4: =STDEV(D2:D31) -> 0.00031869862 | N4: =M4/L4 -> 0.71699486
A5: 1024 | B5: 3 | C5: 1027 | D5: 0.000859923 | E5: 0.000911218 | F5: 8 | G5: 512 | I5: 2048 | J5: =min(D32:D61) -> 0.000364029 | K5: =max(D32:D61) -> 0.000594929 | L5: =AVERAGE(D32:D61) -> 0.0004580424 | M5: =STDEV(D32:D61) -> 6.6825521e-05 | N5: =M5/L5 -> 0.14589375
A6: 1024 | B6: 4 | C6: 1028 | D6: 0.000873878 | E6: 0.000875882 | F6: 8 | G6: 512 | I6: 4096 | J6: =min(D62:D91) -> 0.000481909 | K6: =MAX(D62:D91) -> 0.001221748 | L6: =AVERAGE(D62:D91) -> 0.00068338937 | M6: =STDEV(D62:D91) -> 0.00019180636 | N6: =M6/L6 -> 0.28066923
A7: 1024 | B7: 5 | C7: 1029 | D7: 0.000818255 | E7: 0.000811543 | F7: 8 | G7: 512 | I7: 8192 | J7: =min(D92:D121) -> 0.000604497 | K7: =max(D92:D121) -> 0.000970068 | L7: =AVERAGE(D92:D121) -> 0.0008162727 | M7: =STDEV(D92:D121) -> 7.245389e-05 | N7: =M7/L7 -> 0.088761868
A8: 1024 | B8: 6 | C8: 1030 | D8: 0.00075658 | E8: 0.000906761 | F8: 8 | G8: 512 | I8: 16384 | J8: =min(D122:D151) -> 0.001259648 | K8: =max(D122:D151) -> 0.002198619 | L8: =AVERAGE(D122:D151) -> 0.0015358348 | M8: =STDEV(D122:D151) -> 0.00027598254 | N8: =M8/L8 -> 0.17969546
A9: 1024 | B9: 7 | C9: 1031 | D9: 0.000836099 | E9: 0.000869441 | F9: 8 | G9: 512 | I9: 32768 | J9: =min(D152:D181) -> 0.002693591 | K9: =max(D152:D181) -> 0.008058262 | L9: =AVERAGE(D152:D181) -> 0.0041340399 | M9: =STDEV(D152:D181) -> 0.00157659 | N9: =M9/L9 -> 0.38136787
A10: 1024 | B10: 8 | C10: 1032 | D10: 0.000834255 | E10: 0.000894778 | F10: 8 | G10: 512 | I10: 65536 | J10: =min(D182:D211) -> 0.006114477 | K10: =max(D182:D211) -> 0.018373241 | L10: =AVERAGE(D182:D211) -> 0.0089271888 | M10: =STDEV(D182:D211) -> 0.0032290973 | N10: =M10/L10 -> 0.36171491
A11: 1024 | B11: 9 | C11: 1033 | D11: 0.000816442 | E11: 0.000842591 | F11: 8 | G11: 512 | I11: 131072 | J11: =min(D212:D241) -> 0.027274731 | K11: =max(D212:D241) -> 0.050376335 | L11: =AVERAGE(D212:D241) -> 0.03476415 | M11: =STDEV(D212:D241) -> 0.0057725668 | N11: =M11/L11 -> 0.16604941
A12: 1024 | B12: 10 | C12: 1034 | D12: 0.000827172 | E12: 0.000902132 | F12: 8 | G12: 512 | I12: 262144 | J12: =min(D242:D271) -> 0.049083657 | K12: =max(D242:D271) -> 0.10926523 | L12: =AVERAGE(D242:D271) -> 0.08185944 | M12: =STDEV(D242:D271) -> 0.014635931 | N12: =M12/L12 -> 0.17879345
A13: 1024 | B13: 11 | C13: 1035 | D13: 0.000546689 | E13: 0.000373676 | F13: 8 | G13: 512
A14: 1024 | B14: 12 | C14: 1036 | D14: 0.000279621 | E14: 0.000269533 | F14: 8 | G14: 512
A15: 1024 | B15: 13 | C15: 1037 | D15: 0.000168263 | E15: 0.000122719 | F15: 8 | G15: 512 | I15: n | J15: Minimo | K15: Maximo | L15: Promedio Arreglo | M15: Desviacion Estandar | N15: Coeficiente de Variacion
A16: 1024 | B16: 14 | C16: 1038 | D16: 0.000184444 | E16: 0.000226091 | F16: 8 | G16: 512 | I16: 1024 | J16: =min(E2:E31) -> 0.000122719 | K16: =max(E2:E31) -> 0.000911218 | L16: =AVERAGE(E2:E31) -> 0.0004560768 | M16: =STDEV(E2:E31) -> 0.00033138503 | N16: =M16/L16 -> 0.72659919
A17: 1024 | B17: 15 | C17: 1039 | D17: 0.000192499 | E17: 0.000218197 | F17: 8 | G17: 512 | I17: 2048 | J17: =min(E32:E61) -> 0.000376381 | K17: =max(E32:E61) -> 0.000583458 | L17: =AVERAGE(E32:E61) -> 0.00045623243 | M17: =STDEV(E32:E61) -> 6.3198511e-05 | N17: =M17/L17 -> 0.13852262
A18: 1024 | B18: 16 | C18: 1040 | D18: 0.000193811 | E18: 0.000213277 | F18: 8 | G18: 512 | I18: 4096 | J18: =min(E62:E91) -> 0.000360692 | K18: =MAX(E62:E91) -> 0.001036091 | L18: =AVERAGE(E62:E91) -> 0.00065620087 | M18: =STDEV(E62:E91) -> 0.00019696821 | N18: =M18/L18 -> 0.3001645
A19: 1024 | B19: 17 | C19: 1041 | D19: 0.000194182 | E19: 0.000227865 | F19: 8 | G19: 512 | I19: 8192 | J19: =min(E92:E121) -> 0.000745861 | K19: =max(E92:E121) -> 0.000990757 | L19: =AVERAGE(E92:E121) -> 0.0008348124 | M19: =STDEV(E92:E121) -> 5.7943408e-05 | N19: =M19/L19 -> 0.069408897
A20: 1024 | B20: 18 | C20: 1042 | D20: 0.000184233 | E20: 0.000230369 | F20: 8 | G20: 512 | I20: 16384 | J20: =min(E122:E151) -> 0.001295294 | K20: =max(E122:E151) -> 0.002472248 | L20: =AVERAGE(E122:E151) -> 0.0015475639 | M20: =STDEV(E122:E151) -> 0.00026717874 | N20: =M20/L20 -> 0.17264472
A21: 1024 | B21: 19 | C21: 1043 | D21: 0.000184143 | E21: 0.000199291 | F21: 8 | G21: 512 | I21: 32768 | J21: =min(E152:E181) -> 0.002791293 | K21: =max(E152:E181) -> 0.007592602 | L21: =AVERAGE(E152:E181) -> 0.0041142577 | M21: =STDEV(E152:E181) -> 0.0013991126 | N21: =M21/L21 -> 0.34006439
A22: 1024 | B22: 20 | C22: 1044 | D22: 0.000184775 | E22: 0.000182891 | F22: 8 | G22: 512 | I22: 65536 | J22: =min(E182:E211) -> 0.006183917 | K22: =max(E182:E211) -> 0.020739911 | L22: =AVERAGE(E182:E211) -> 0.0088689659 | M22: =STDEV(E182:E211) -> 0.0035855168 | N22: =M22/L22 -> 0.40427676
A23: 1024 | B23: 21 | C23: 1045 | D23: 0.000185486 | E23: 0.000219739 | F23: 8 | G23: 512 | I23: 131072 | J23: =min(E212:E241) -> 0.026171216 | K23: =max(E212:E241) -> 0.054632402 | L23: =AVERAGE(E212:E241) -> 0.034135167 | M23: =STDEV(E212:E241) -> 0.0057810294 | N23: =M23/L23 -> 0.169357
A24: 1024 | B24: 22 | C24: 1046 | D24: 0.000183081 | E24: 0.000185556 | F24: 8 | G24: 512 | I24: 262144 | J24: =min(E242:E271) -> 0.046680655 | K24: =max(E242:E271) -> 0.10949751 | L24: =AVERAGE(E242:E271) -> 0.083112612 | M24: =STDEV(E242:E271) -> 0.013826701 | N24: =M24/L24 -> 0.16636105
A25: 1024 | B25: 23 | C25: 1047 | D25: 0.000180487 | E25: 0.000189514 | F25: 8 | G25: 512
A26: 1024 | B26: 24 | C26: 1048 | D26: 0.00018824 | E26: 0.000186889 | F26: 8 | G26: 512
A27: 1024 | B27: 25 | C27: 1049 | D27: 0.000211194 | E27: 0.000192569 | F27: 8 | G27: 512
A28: 1024 | B28: 26 | C28: 1050 | D28: 0.000180857 | E28: 0.000193781 | F28: 8 | G28: 512
A29: 1024 | B29: 27 | C29: 1051 | D29: 0.000174244 | E29: 0.000188121 | F29: 8 | G29: 512
A30: 1024 | B30: 28 | C30: 1052 | D30: 0.000211845 | E30: 0.000186467 | F30: 8 | G30: 512
A31: 1024 | B31: 29 | C31: 1053 | D31: 0.000205574 | E31: 0.00018806 | F31: 8 | G31: 512
A32: 2048 | B32: 0 | C32: 2048 | D32: 0.000545578 | E32: 0.000392562 | F32: 9 | G32: 1024
A33: 2048 | B33: 1 | C33: 2049 | D33: 0.000440551 | E33: 0.000514238 | F33: 9 | G33: 1024
A34: 2048 | B34: 2 | C34: 2050 | D34: 0.000420844 | E34: 0.000384287 | F34: 9 | G34: 1024
A35: 2048 | B35: 3 | C35: 2051 | D35: 0.000370089 | E35: 0.000381291 | F35: 9 | G35: 1024
A36: 2048 | B36: 4 | C36: 2052 | D36: 0.000374367 | E36: 0.000406107 | F36: 9 | G36: 1024
... A271: 262144 | B271: 29 | C271: 262173 | D271: 0.071074887 | E271: 0.067526284 | F271: 16 | G271: 131072

Sheet resumen
B2: n | C2: Enlazada | D2: Arreglo | E2: Cociente | G2: n | H2: Enlazada | I2: Arreglo | J2: Cociente
B3: 1024 | C3: =Pila!K4 -> 0.00066768813 | D3: =Pila!K16 -> 0.00065337647 | E3: =D3/C3 -> 0.97856534 | G3: 1024 | H3: =Fila!L4 -> 0.0004444922 | I3: =Fila!L16 -> 0.0004560768 | J3: =I3/H3 -> 1.0260626
B4: 2048 | C4: =Pila!K5 -> 0.000640719 | D4: =Pila!K17 -> 0.0005903546 | E4: =D4/C4 -> 0.92139393 | G4: 2048 | H4: =Fila!L5 -> 0.0004580424 | I4: =Fila!L17 -> 0.00045623243 | J4: =I4/H4 -> 0.99604847
B5: 4096 | C5: =Pila!K6 -> 0.0010981774 | D5: =Pila!K18 -> 0.0010981774 | E5: =D5/C5 -> 1 | G5: 4096 | H5: =Fila!L6 -> 0.00068338937 | I5: =Fila!L18 -> 0.00065620087 | J5: =I5/H5 -> 0.96021521
B6: 8192 | C6: =Pila!K7 -> 0.0006147074 | D6: =Pila!K19 -> 0.0005819556 | E6: =D6/C6 -> 0.94671969 | G6: 8192 | H6: =Fila!L7 -> 0.0008162727 | I6: =Fila!L19 -> 0.0008348124 | J6: =I6/H6 -> 1.0227126
B7: 16384 | C7: =Pila!K8 -> 0.00062496733 | D7: =Pila!K20 -> 0.0006363367 | E7: =D7/C7 -> 1.0181919 | G7: 16384 | H7: =Fila!L8 -> 0.0015358348 | I7: =Fila!L20 -> 0.0015475639 | J7: =I7/H7 -> 1.0076369
B8: 32768 | C8: =Pila!K9 -> 0.001344879 | D8: =Pila!K21 -> 0.0012778936 | E8: =D8/C8 -> 0.95019227 | G8: 32768 | H8: =Fila!L9 -> 0.0041340399 | I8: =Fila!L21 -> 0.0041142577 | J8: =I8/H8 -> 0.9952148
B9: 65536 | C9: =Pila!K10 -> 0.001960908 | D9: =Pila!K22 -> 0.0019408322 | E9: =D9/C9 -> 0.98976202 | G9: 65536 | H9: =Fila!L10 -> 0.0089271888 | I9: =Fila!L22 -> 0.0088689659 | J9: =I9/H9 -> 0.99347803
B10: 131072 | C10: =Pila!K11 -> 0.0064466289 | D10: =Pila!K23 -> 0.0065224851 | E10: =D10/C10 -> 1.0117668 | G10: 131072 | H10: =Fila!L11 -> 0.03476415 | I10: =Fila!L23 -> 0.034135167 | J10: =I10/H10 -> 0.98190714
B11: 262144 | C11: =Pila!K12 -> 0.013888067 | D11: =Pila!K24 -> 0.011856369 | E11: =D11/C11 -> 0.85370905 | G11: 262144 | H11: =Fila!L12 -> 0.08185944 | I11: =Fila!L24 -> 0.083112612 | J11: =I11/H11 -> 1.0153088
B14: n | C14: Enlazada | D14: Arreglo | G14: n | H14: Enlazada | I14: Arreglo
B15: 2048 | C15: =C4/C3 -> 0.95960819 | D15: =D4/D3 -> 0.90354433 | G15: 2048 | H15: =H4/H3 -> 1.0304847 | I15: =I4/I3 -> 1.0003412
B16: 4096 | C16: =C5/C4 -> 1.7139766 | D16: =D5/D4 -> 1.8601996 | G16: 4096 | H16: =H5/H4 -> 1.4919784 | I16: =I5/I4 -> 1.4383039
B17: 8192 | C17: =C6/C5 -> 0.55975237 | D17: =D6/D5 -> 0.52992859 | G17: 8192 | H17: =H6/H5 -> 1.1944475 | I17: =I6/I5 -> 1.2721903
B18: 16384 | C18: =C7/C6 -> 1.0166908 | D18: =D7/D6 -> 1.0934454 | G18: 16384 | H18: =H7/H6 -> 1.8815217 | I18: =I7/I6 -> 1.8537864
B19: 32768 | C19: =C8/C7 -> 2.1519188 | D19: =D8/D7 -> 2.0082035 | G19: 32768 | H19: =H8/H7 -> 2.6917217 | I19: =I8/I7 -> 2.6585382
B20: 65536 | C20: =C9/C8 -> 1.4580553 | D20: =D9/D8 -> 1.5187745 | G20: 65536 | H20: =H9/H8 -> 2.1594346 | I20: =I9/I8 -> 2.1556661
B21: 131072 | C21: =C10/C9 -> 3.2875734 | D21: =D10/D9 -> 3.360664 | G21: 131072 | H21: =H10/H9 -> 3.8941879 | I21: =I10/I9 -> 3.8488328
B22: 262144 | C22: =C11/C10 -> 2.1543147 | D22: =D11/D10 -> 1.8177686 | G22: 262144 | H22: =H11/H10 -> 2.3547085 | I22: =I11/I10 -> 2.434809
B25: n | C25: Enlazada | D25: Arreglo | G25: n | H25: Enlazada | I25: Arreglo
B26: 2048 | C26: =LOG(C15, 2) -> -0.059482627 | D26: =LOG(D15, 2) -> -0.14633271 | G26: 2048 | H26: =LOG(H15, 2) -> 0.043323049 | I26: =LOG(I15, 2) -> 0.00049222661
B27: 4096 | C27: =LOG(C16, 2) -> 0.77734745 | D27: =LOG(D16, 2) -> 0.89545744 | G27: 4096 | H27: =LOG(H16, 2) -> 0.57722665 | I27: =LOG(I16, 2) -> 0.52436849
B28: 8192 | C28: =LOG(C17, 2) -> -0.83713937 | D28: =LOG(D17, 2) -> -0.91613013 | G28: 8192 | H28: =LOG(H17, 2) -> 0.25634341 | I28: =LOG(I17, 2) -> 0.34731453
B29: 16384 | C29: =LOG(C18, 2) -> 0.02388093 | D29: =LOG(D18, 2) -> 0.12888124 | G29: 16384 | H29: =LOG(H18, 2) -> 0.91189993 | I29: =LOG(I18, 2) -> 0.89047501
B30: 32768 | C30: =LOG(C19, 2) -> 1.1056237 | D30: =LOG(D19, 2) -> 1.0059055 | G30: 32768 | H30: =LOG(H19, 2) -> 1.4285293 | I30: =LOG(I19, 2) -> 1.4106332
B31: 65536 | C31: =LOG(C20, 2) -> 0.54404548 | D31: =LOG(D20, 2) -> 0.6029077 | G31: 65536 | H31: =LOG(H20, 2) -> 1.1106536 | I31: =LOG(I20, 2) -> 1.1081337
B32: 131072 | C32: =LOG(C21, 2) -> 1.7170231 | D32: =LOG(D21, 2) -> 1.7487463 | G32: 131072 | H32: =LOG(H21, 2) -> 1.9613225 | I32: =LOG(I21, 2) -> 1.944421
B33: 262144 | C33: =LOG(C22, 2) -> 1.107229 | D33: =LOG(D22, 2) -> 0.86216857 | G33: 262144 | H33: =LOG(H22, 2) -> 1.2355485 | I33: =LOG(I22, 2) -> 1.2838086
B36: n | C36: Promedio Redimensionamientos | D36: Capacidad maxima observada | G36: n | H36: Promedio Redimensionamientos | I36: Capacidad maxima observada
B37: 1024 | C37: 9 | D37: 1024 | G37: 1024 | H37: 8 | I37: 512
B38: 2048 | C38: 10 | D38: 2048 | G38: 2048 | H38: 9 | I38: 1024
B39: 4096 | C39: 11 | D39: 4096 | G39: 4096 | H39: 10 | I39: 2048
B40: 8192 | C40: 12 | D40: 8192 | G40: 8192 | H40: 11 | I40: 4096
B41: 16384 | C41: 13 | D41: 16384 | G41: 16384 | H41: 12 | I41: 8192
B42: 32768 | C42: 14 | D42: 32768 | G42: 32768 | H42: 13 | I42: 16384
B43: 65536 | C43: 15 | D43: 65536 | G43: 65536 | H43: 14 | I43: 32768
B44: 131072 | C44: 16 | D44: 131072 | G44: 131072 | H44: 15 | I44: 65536
B45: 262144 | C45: 17 | D45: 262144 | G45: 262144 | H45: 16 | I45: 131072
